name	status	feed	items	window_days	per_week	relevant	relevant_per_week	days_since_newest	full_text	article	og_image_host	credit	sample
ArchDaily	ok	https://feeds.feedburner.com/Archdaily	24	1.4	120.4	1	5.0	0.2	抜粋	HTTP 200	images.adsttc.com	© Alexander Bogorodskiy + 29 Curated by Susanna Moreira	https://www.archdaily.com/1185918/rice-husk-house-summary
Dezeen tiny-houses	feed HTTP 404												
Dezeen cabins	ok	https://www.dezeen.com/tag/cabins/feed/	50	872.1	0.4	47	0.4	16.5	全文	HTTP 403			https://www.dezeen.com/2026/09/12/bathers-cabin-built-works/
Dwell	ok	https://www.dwell.com/@dwell/rss	30	35.2	6.0	11	2.2	0.1	全文	HTTP 200	images.dwell.com	Photos by Ema Peter View 20 Photos Houses We Love: Every d	https://www.dwell.com/article/a-massive-new-roof-turns-a-70s-chalet-in-canada-into-a-forest-palace-219568ad
designboom architecture	ok	https://www.designboom.com/architecture/feed/	10	6.2	11.2	0	0.0	0.3	全文	HTTP 200	www.designboom.com	©Thai Beverage Public Company Limited Shade, airflow, an	https://www.designboom.com/architecture/volunteer-camp-thailand-school-toilet-reclaimed-wood-sep/
Design Milk architecture	ok	https://design-milk.com/category/architecture/feed/	12	42.0	2.0	0	0.0	4.3	全文	HTTP 200	design-milk.com	Photography by Ryan Bent	https://design-milk.com/milo-house-gendai-yakisugi-vermont/
Tiny House Talk	ok	https://tinyhousetalk.com/feed/	7	3.8	12.9	5	9.2	4.5	抜粋	HTTP 200	tinyhousetalk.com	Photos: The Backcountry Hut Company / thebackcountryhutcompa	https://tinyhousetalk.com/backcountry-hut-company-prefab-aframe/
Living Big in a Tiny House	ok	https://www.livingbiginatinyhouse.com/feeds/posts/rss/?post_category_id=14	3	56.0	0.4	3	0.4	2498.8	抜粋				
Humble Homes	ok	https://www.humble-homes.com/feed/	8	2168.5	0.0	5	0.0	600.1	抜粋	HTTP 200		© Humble Homes 2026 All rights reserved	https://humble-homes.com/why-people-fall-in-love-with-tiny-houses-especially-on-valentines-day/
Small House Bliss	ok	https://smallhousebliss.com/feed/	12	200.0	0.4	7	0.2	3578.1	抜粋	HTTP 200	i0.wp.com	Photographs by Colin Perry and Martin Knowles Photo/Media	https://smallhousebliss.com/2016/12/11/lanefab-live-work-laneway-house/
Tiny Living	ok	https://www.tinyliving.com/feed/	10	724.7	0.1	10	0.1	4.6	全文	HTTP 200	tinyliving.com	© 2014-2026 Tiny Living	https://tinyliving.com/green-creek-shipyard/
New Atlas architecture	ok	https://newatlas.com/architecture/index.rss	60	194.6	2.2	7	0.3	1.8	抜粋	HTTP 200	assets.newatlas.com	© 2026 New Atlas Menu HOME	https://newatlas.com/architecture/apple-music-hall-venue-recording-studio-broadcast-london/
Inhabitat tiny homes	ok	https://inhabitat.com/tag/tiny-homes/feed/	50	1161.1	0.3	4	0.0	4.1	抜粋	HTTP 200		（見当たらず）	https://inhabitat.com/get-better-results-in-tight-spaces-with-a-portable-belt-sander
Contemporist	feed 0件												
IGNANT	ok	https://www.ignant.com/feed/	15	303.9	0.3	1	0.0	95.4	抜粋	HTTP 200	www.ignant.com	© Clemens Poloczek | Text: Rosie Flanagan	https://www.ignant.com/2026/06/25/the-art-of-flowers-in-conversation-with-carolin-ruggaber/
Gessato	ok	https://www.gessato.com/feed/	10	26.0	2.7	1	0.3	3.6	抜粋	HTTP 200	www.gessato.com	Photography by Félix Michaud .	https://www.gessato.com/chalet-moraine/
Tiny House Blog	ok	https://tinyhouseblog.com/feed/	6	47.0	0.9	6	0.9	26.0	全文	HTTP 200	tinyhouseblog.com	© 2026 Tiny House Blog | Privacy Policy | Terms of Servic	https://tinyhouseblog.com/tiny-house-for-sale/ryans-tiny-home-for-sale/
Cabin Porn	ok	https://cabinporn.com/feed	20	377.2	0.4	12	0.2	230.0	抜粋	HTTP 200	substackcdn.com	courtesy of Cabin Porn. Claim my free post Or purchase a pai	https://www.cabinporn.com/p/passing-along-a-good-deal
Yanko Design	ok	https://www.yankodesign.com/feed/	16	1.1	102.4	3	19.2	0.0	全文	HTTP 200	www.yankodesign.com	© Yanko Design 2002—2026 Editorial Standards and Ethics	https://www.yankodesign.com/2026/09/28/this-zippo-case-now-hides-a-full-diy-micro-toolkit-inside/?utm_source=rss&utm_medium=rss&utm_campaign=this-zippo-case-now-hides-a-full-diy-micro-toolkit-inside
Leibal	ok	https://leibal.com/feed/	10	5.1	13.7	3	4.1	0.4	全文	HTTP 200	leibal.com	（見当たらず）	https://leibal.com/interiors/sint-anna/
Treehugger													
autoevolution tiny homes													
